exp_name,input_type,input_source,rows,cols,B_cols,B_density,total_nonzeros,input_blocks_density,input_entries_density,input_block_size,reorder_algorithm,algo_block_size,epsilon,similarity_func,hierarchic_merge,scramble,Warmup,Repetitions,Algorithm,VBS_avg_nzblock_height,VBS_avg_nzblock_height_error,VBS_total_nonzeros,VBS_total_nonzeros_error,VBS_block_rows,VBS_block_rows_error,VBS_nz_blocks,VBS_nz_blocks_error,VBS_min_block_H,VBS_min_block_H_error,VBS_max_block_H,VBS_max_block_H_error,
default,2,data/real-graphs/CA-CondMat.txt,23133,23133,5,1.000000,186936,0.500000,0.500000,4,saad_blocks,32,0.300000,scalar,1,1,0,5,-1,13.204089,0.056148,34651976.000000,167869.734375,3004.199951,15.065192,82020.000000,87.189445,1.000000,0.000000,101.000000,0.000000,
default,2,data/real-graphs/CA-CondMat.txt,23133,23133,5,1.000000,186936,0.500000,0.500000,4,saad_blocks,64,0.300000,scalar,1,1,0,5,-1,21.115677,0.086097,90781952.000000,304858.218750,2077.800049,9.086253,67231.398438,141.365616,1.000000,0.000000,229.000000,0.000000,
default,2,data/real-graphs/CA-CondMat.txt,23133,23133,5,1.000000,186936,0.500000,0.500000,4,saad_blocks,32,0.400000,scalar,1,1,0,5,-1,6.408211,0.012337,19195884.000000,28036.339844,5277.799805,12.859239,93619.796875,52.700665,1.000000,0.000000,30.000000,0.000000,
default,2,data/real-graphs/CA-CondMat.txt,23133,23133,5,1.000000,186936,0.500000,0.500000,4,saad_blocks,64,0.400000,scalar,1,1,0,5,-1,8.195934,0.067050,44522412.000000,399962.500000,4338.200195,24.652788,84942.796875,231.850281,1.000000,0.000000,77.000000,9.528904,
default,2,data/real-graphs/CA-CondMat.txt,23133,23133,5,1.000000,186936,0.500000,0.500000,4,saad_blocks,32,0.500000,scalar,1,1,0,5,-1,3.274184,0.002182,11497678.000000,5892.020996,9115.799805,6.675327,109749.601562,30.838936,1.000000,0.000000,26.000000,0.000000,
default,2,data/real-graphs/CA-CondMat.txt,23133,23133,5,1.000000,186936,0.500000,0.500000,4,saad_blocks,64,0.500000,scalar,1,1,0,5,-1,4.002180,0.011896,26006374.000000,81895.460938,7848.399902,7.889233,101598.203125,50.320572,1.000000,0.000000,26.000000,0.000000,
default,2,data/real-graphs/CA-CondMat.txt,23133,23133,5,1.000000,186936,0.500000,0.500000,4,saad_blocks,32,0.600000,scalar,1,1,0,5,-1,1.925058,0.000646,8093273.000000,1996.040894,12848.400391,2.939388,131395.000000,12.312595,1.000000,0.000000,24.000000,0.000000,
default,2,data/real-graphs/CA-CondMat.txt,23133,23133,5,1.000000,186936,0.500000,0.500000,4,saad_blocks,64,0.600000,scalar,1,1,0,5,-1,2.153819,0.000770,17082620.000000,4663.458008,11587.400391,3.006659,124015.000000,11.815245,1.000000,0.000000,24.000000,0.000000,
default,2,data/real-graphs/CA-CondMat.txt,23133,23133,5,1.000000,186936,0.500000,0.500000,4,saad_blocks,32,0.700000,scalar,1,1,0,5,-1,1.388470,0.000179,6657127.000000,484.036377,15277.599609,2.653300,149847.000000,9.208692,1.000000,0.000000,20.000000,0.000000,
default,2,data/real-graphs/CA-CondMat.txt,23133,23133,5,1.000000,186936,0.500000,0.500000,4,saad_blocks,64,0.700000,scalar,1,1,0,5,-1,1.450241,0.000305,13385995.000000,2480.823486,14451.000000,1.897367,144315.203125,5.600001,1.000000,0.000000,23.000000,0.000000,
default,2,data/real-graphs/CA-CondMat.txt,23133,23133,5,1.000000,186936,0.500000,0.500000,4,saad_blocks,32,0.800000,scalar,1,1,0,5,-1,1.021889,0.000104,5819952.000000,217.976151,20897.000000,3.633180,177996.796875,12.155658,1.000000,0.000000,17.000000,0.000000,
default,2,data/real-graphs/CA-CondMat.txt,23133,23133,5,1.000000,186936,0.500000,0.500000,4,saad_blocks,64,0.800000,scalar,1,1,0,5,-1,1.026756,0.000049,11448544.000000,322.295837,20472.400391,1.356466,174333.406250,6.499234,1.000000,0.000000,22.000000,0.000000,
default,2,data/real-graphs/CA-CondMat.txt,23133,23133,5,1.000000,186936,0.500000,0.500000,4,saad_blocks,32,0.900000,scalar,1,1,0,5,-1,1.010123,0.000040,5790486.000000,0.000000,21376.199219,2.481935,179158.406250,7.088021,1.000000,0.000000,17.000000,0.000000,
default,2,data/real-graphs/CA-CondMat.txt,23133,23133,5,1.000000,186936,0.500000,0.500000,4,saad_blocks,64,0.900000,scalar,1,1,0,5,-1,1.011995,0.000048,11376214.000000,0.000000,21060.400391,2.416609,175757.796875,8.280097,1.000000,0.000000,22.000000,0.000000,
default,2,data/real-graphs/CA-GrQc.txt,5242,5242,5,1.000000,28980,0.500000,0.500000,4,saad_blocks,32,0.300000,scalar,1,1,0,5,-1,32.336304,0.241926,7143957.500000,26316.439453,317.600006,8.593020,6911.000000,37.207527,1.000000,0.000000,382.600006,0.800000,
default,2,data/real-graphs/CA-GrQc.txt,5242,5242,5,1.000000,28980,0.500000,0.500000,4,saad_blocks,64,0.300000,scalar,1,1,0,5,-1,77.071754,0.343218,13253918.000000,32675.601562,154.600006,2.497999,2689.800049,13.452137,1.000000,0.000000,1049.400024,6.468385,
default,2,data/real-graphs/CA-GrQc.txt,5242,5242,5,1.000000,28980,0.500000,0.500000,4,saad_blocks,32,0.400000,scalar,1,1,0,5,-1,10.506840,0.141525,3471700.000000,50656.183594,751.799988,4.261455,10334.599609,30.335459,1.000000,0.000000,65.199997,2.135416,
default,2,data/real-graphs/CA-GrQc.txt,5242,5242,5,1.000000,28980,0.500000,0.500000,4,saad_blocks,64,0.400000,scalar,1,1,0,5,-1,28.707800,0.494089,9964413.000000,88097.554688,331.799988,1.469694,5429.600098,67.872231,1.000000,0.000000,463.600006,5.678028,
default,2,data/real-graphs/CA-GrQc.txt,5242,5242,5,1.000000,28980,0.500000,0.500000,4,saad_blocks,32,0.500000,scalar,1,1,0,5,-1,4.476021,0.008221,1809861.625000,1643.300659,1558.599976,4.586938,12644.200195,12.796874,1.000000,0.000000,43.000000,0.000000,
default,2,data/real-graphs/CA-GrQc.txt,5242,5242,5,1.000000,28980,0.500000,0.500000,4,saad_blocks,64,0.500000,scalar,1,1,0,5,-1,8.823224,0.103921,5324169.000000,33658.394531,980.799988,4.400000,9437.599609,64.877113,1.000000,0.000000,124.000000,9.402127,
default,2,data/real-graphs/CA-GrQc.txt,5242,5242,5,1.000000,28980,0.500000,0.500000,4,saad_blocks,32,0.600000,scalar,1,1,0,5,-1,3.077799,0.004554,1431574.750000,1616.883789,2176.000000,2.607681,14545.599609,7.889233,1.000000,0.000000,46.000000,0.000000,
default,2,data/real-graphs/CA-GrQc.txt,5242,5242,5,1.000000,28980,0.500000,0.500000,4,saad_blocks,64,0.600000,scalar,1,1,0,5,-1,3.907202,0.017843,3094666.000000,8460.839844,1631.800049,7.277362,12385.799805,24.830626,1.000000,0.000000,42.000000,0.000000,
default,2,data/real-graphs/CA-GrQc.txt,5242,5242,5,1.000000,28980,0.500000,0.500000,4,saad_blocks,32,0.700000,scalar,1,1,0,5,-1,2.303273,0.000895,1217437.625000,498.789581,2583.199951,1.469694,16529.000000,3.033150,1.000000,0.000000,41.000000,0.000000,
default,2,data/real-graphs/CA-GrQc.txt,5242,5242,5,1.000000,28980,0.500000,0.500000,4,saad_blocks,64,0.700000,scalar,1,1,0,5,-1,2.623252,0.004573,2431404.000000,3567.752686,2158.000000,3.162278,14494.000000,6.723094,1.000000,0.000000,46.000000,0.000000,
default,2,data/real-graphs/CA-GrQc.txt,5242,5242,5,1.000000,28980,0.500000,0.500000,4,saad_blocks,32,0.800000,scalar,1,1,0,5,-1,1.072230,0.000178,883192.000000,0.000000,4007.000000,2.000000,25756.599609,4.270831,1.000000,0.000000,20.000000,0.000000,
default,2,data/real-graphs/CA-GrQc.txt,5242,5242,5,1.000000,28980,0.500000,0.500000,4,saad_blocks,64,0.800000,scalar,1,1,0,5,-1,1.100048,0.000200,1699071.250000,62.706959,3820.800049,1.469694,24152.400391,3.878144,1.000000,0.000000,30.000000,0.000000,
default,2,data/real-graphs/CA-GrQc.txt,5242,5242,5,1.000000,28980,0.500000,0.500000,4,saad_blocks,32,0.900000,scalar,1,1,0,5,-1,1.041349,0.000234,872118.000000,0.000000,4173.200195,2.561250,26187.199219,5.878776,1.000000,0.000000,20.000000,0.000000,
default,2,data/real-graphs/CA-GrQc.txt,5242,5242,5,1.000000,28980,0.500000,0.500000,4,saad_blocks,64,0.900000,scalar,1,1,0,5,-1,1.047312,0.000154,1663076.000000,0.000000,4083.399902,1.356466,24831.199219,3.655133,1.000000,0.000000,30.000000,0.000000,
default,2,data/real-graphs/CA-HepPh.txt,12008,12008,5,1.000000,237010,0.500000,0.500000,4,saad_blocks,32,0.300000,scalar,1,1,0,5,-1,28.000172,0.078557,28901828.000000,82085.304688,1266.400024,4.317407,32294.199219,104.585655,1.000000,0.000000,1164.000000,2.756810,
default,2,data/real-graphs/CA-HepPh.txt,12008,12008,5,1.000000,237010,0.500000,0.500000,4,saad_blocks,64,0.300000,scalar,1,1,0,5,-1,56.993050,0.486431,60592712.000000,284764.281250,571.200012,9.826495,16640.400391,80.226181,1.000000,0.000000,2676.399902,10.744301,
default,2,data/real-graphs/CA-HepPh.txt,12008,12008,5,1.000000,237010,0.500000,0.500000,4,saad_blocks,32,0.400000,scalar,1,1,0,5,-1,14.703880,0.158350,19243542.000000,206833.140625,2455.199951,12.998461,40945.800781,66.622520,1.000000,0.000000,589.200012,133.746628,
default,2,data/real-graphs/CA-HepPh.txt,12008,12008,5,1.000000,237010,0.500000,0.500000,4,saad_blocks,64,0.400000,scalar,1,1,0,5,-1,17.780249,0.145864,35840012.000000,231123.390625,1703.400024,8.452219,31544.800781,88.551453,1.000000,0.000000,912.599976,0.800000,
default,2,data/real-graphs/CA-HepPh.txt,12008,12008,5,1.000000,237010,0.500000,0.500000,4,saad_blocks,32,0.500000,scalar,1,1,0,5,-1,9.292249,0.008073,14964411.000000,5319.196777,4256.200195,7.054077,50384.000000,26.145744,1.000000,0.000000,286.000000,0.000000,
default,2,data/real-graphs/CA-HepPh.txt,12008,12008,5,1.000000,237010,0.500000,0.500000,4,saad_blocks,64,0.500000,scalar,1,1,0,5,-1,9.058043,0.002836,23780860.000000,44839.398438,3470.800049,6.177378,41087.800781,68.414619,1.000000,0.000000,779.000000,0.000000,
default,2,data/real-graphs/CA-HepPh.txt,12008,12008,5,1.000000,237010,0.500000,0.500000,4,saad_blocks,32,0.600000,scalar,1,1,0,5,-1,6.593539,0.008843,13309907.000000,10951.158203,5803.200195,3.429286,63151.800781,33.438900,1.000000,0.000000,283.000000,0.000000,
default,2,data/real-graphs/CA-HepPh.txt,12008,12008,5,1.000000,237010,0.500000,0.500000,4,saad_blocks,64,0.600000,scalar,1,1,0,5,-1,6.192292,0.007110,20148284.000000,9730.069336,4954.399902,4.841487,50916.601562,33.672539,1.000000,0.000000,416.000000,0.000000,
default,2,data/real-graphs/CA-HepPh.txt,12008,12008,5,1.000000,237010,0.500000,0.500000,4,saad_blocks,32,0.700000,scalar,1,1,0,5,-1,3.817896,0.003042,9974504.000000,3456.296387,6751.600098,4.454212,81714.398438,38.312401,1.000000,0.000000,206.000000,0.000000,
default,2,data/real-graphs/CA-HepPh.txt,12008,12008,5,1.000000,237010,0.500000,0.500000,4,saad_blocks,64,0.700000,scalar,1,1,0,5,-1,4.187491,0.004467,17416848.000000,6408.654297,6164.200195,4.261455,65083.601562,45.526257,1.000000,0.000000,283.000000,0.000000,
default,2,data/real-graphs/CA-HepPh.txt,12008,12008,5,1.000000,237010,0.500000,0.500000,4,saad_blocks,32,0.800000,scalar,1,1,0,5,-1,1.119269,0.000085,6679918.500000,97.901230,10527.599609,5.571355,186635.406250,13.275543,1.000000,0.000000,55.000000,0.000000,
default,2,data/real-graphs/CA-HepPh.txt,12008,12008,5,1.000000,237010,0.500000,0.500000,4,saad_blocks,64,0.800000,scalar,1,1,0,5,-1,1.357674,0.000130,12042240.000000,181.019333,10046.200195,4.621688,138773.406250,11.464730,1.000000,0.000000,245.000000,0.000000,
default,2,data/real-graphs/CA-HepPh.txt,12008,12008,5,1.000000,237010,0.500000,0.500000,4,saad_blocks,32,0.900000,scalar,1,1,0,5,-1,1.006233,0.000045,6421088.000000,0.000000,10813.000000,4.690416,199535.203125,8.997778,1.000000,0.000000,22.000000,0.000000,
default,2,data/real-graphs/CA-HepPh.txt,12008,12008,5,1.000000,237010,0.500000,0.500000,4,saad_blocks,64,0.900000,scalar,1,1,0,5,-1,1.009987,0.000078,11385576.000000,0.000000,10643.799805,4.707441,176328.000000,13.652839,1.000000,0.000000,25.000000,0.000000,
default,2,data/real-graphs/CA-HepTh.txt,9877,9877,5,1.000000,51971,0.500000,0.500000,4,saad_blocks,32,0.300000,scalar,1,1,0,5,-1,14.433536,0.147467,11228774.000000,96875.476562,1063.400024,6.468385,24332.400391,72.681770,1.000000,0.000000,108.599998,2.576820,
default,2,data/real-graphs/CA-HepTh.txt,9877,9877,5,1.000000,51971,0.500000,0.500000,4,saad_blocks,64,0.300000,scalar,1,1,0,5,-1,44.053440,0.238863,33401946.000000,127840.742188,425.200012,4.621688,11879.599609,66.653130,1.000000,0.000000,738.799988,14.878173,
default,2,data/real-graphs/CA-HepTh.txt,9877,9877,5,1.000000,51971,0.500000,0.500000,4,saad_blocks,32,0.400000,scalar,1,1,0,5,-1,5.214723,0.057568,5050308.000000,51923.324219,2243.199951,10.225458,30287.599609,91.772766,1.000000,0.000000,32.000000,0.000000,
default,2,data/real-graphs/CA-HepTh.txt,9877,9877,5,1.000000,51971,0.500000,0.500000,4,saad_blocks,64,0.400000,scalar,1,1,0,5,-1,10.531827,0.154506,15645790.000000,176598.296875,1350.000000,11.949896,23256.400391,104.754189,1.000000,0.000000,114.599998,8.800000,
default,2,data/real-graphs/CA-HepTh.txt,9877,9877,5,1.000000,51971,0.500000,0.500000,4,saad_blocks,32,0.500000,scalar,1,1,0,5,-1,2.492225,0.008682,2819899.750000,7148.276855,3956.600098,10.480457,35384.398438,37.108490,1.000000,0.000000,32.000000,0.000000,
default,2,data/real-graphs/CA-HepTh.txt,9877,9877,5,1.000000,51971,0.500000,0.500000,4,saad_blocks,64,0.500000,scalar,1,1,0,5,-1,3.370818,0.014939,6845552.000000,22980.867188,3073.600098,12.354755,31779.599609,60.188370,1.000000,0.000000,32.000000,0.000000,
default,2,data/real-graphs/CA-HepTh.txt,9877,9877,5,1.000000,51971,0.500000,0.500000,4,saad_blocks,32,0.600000,scalar,1,1,0,5,-1,1.667614,0.001156,2109324.500000,1146.595337,5192.000000,3.521363,39554.000000,6.985700,1.000000,0.000000,32.000000,0.000000,
default,2,data/real-graphs/CA-HepTh.txt,9877,9877,5,1.000000,51971,0.500000,0.500000,4,saad_blocks,64,0.600000,scalar,1,1,0,5,-1,2.010805,0.002721,4683735.000000,5717.820312,4381.200195,4.069398,36448.800781,12.383860,1.000000,0.000000,32.000000,0.000000,
default,2,data/real-graphs/CA-HepTh.txt,9877,9877,5,1.000000,51971,0.500000,0.500000,4,saad_blocks,32,0.700000,scalar,1,1,0,5,-1,1.394437,0.000353,1877195.750000,350.101349,5844.600098,2.244994,42098.000000,3.521363,1.000000,0.000000,32.000000,0.000000,
default,2,data/real-graphs/CA-HepTh.txt,9877,9877,5,1.000000,51971,0.500000,0.500000,4,saad_blocks,64,0.700000,scalar,1,1,0,5,-1,1.514715,0.001077,3855194.500000,2494.391113,5281.000000,1.897367,39823.601562,4.270832,1.000000,0.000000,32.000000,0.000000,
default,2,data/real-graphs/CA-HepTh.txt,9877,9877,5,1.000000,51971,0.500000,0.500000,4,saad_blocks,32,0.800000,scalar,1,1,0,5,-1,1.059088,0.000143,1620487.750000,15.676814,7792.799805,2.925748,47851.000000,6.066300,1.000000,0.000000,15.000000,0.000000,
default,2,data/real-graphs/CA-HepTh.txt,9877,9877,5,1.000000,51971,0.500000,0.500000,4,saad_blocks,64,0.800000,scalar,1,1,0,5,-1,1.075088,0.000137,3186416.000000,107.092484,7513.799805,2.135416,46380.398438,4.630335,1.000000,0.000000,26.000000,0.000000,
default,2,data/real-graphs/CA-HepTh.txt,9877,9877,5,1.000000,51971,0.500000,0.500000,4,saad_blocks,32,0.900000,scalar,1,1,0,5,-1,1.038855,0.000144,1606395.000000,0.000000,8025.799805,3.124100,48359.000000,6.723094,1.000000,0.000000,15.000000,0.000000,
default,2,data/real-graphs/CA-HepTh.txt,9877,9877,5,1.000000,51971,0.500000,0.500000,4,saad_blocks,64,0.900000,scalar,1,1,0,5,-1,1.042950,0.000110,3142619.000000,0.000000,7870.399902,2.059126,47152.800781,4.955805,1.000000,0.000000,26.000000,0.000000,
default,2,data/real-graphs/facebook_combined.txt,3503,3503,5,1.000000,43130,0.500000,0.500000,4,saad_blocks,32,0.300000,scalar,1,1,0,5,-1,253.901321,7.512437,4411167.000000,131097.703125,65.000000,1.788854,543.799988,25.222212,1.000000,0.000000,1019.799988,3.709447,
default,2,data/real-graphs/facebook_combined.txt,3503,3503,5,1.000000,43130,0.500000,0.500000,4,saad_blocks,64,0.300000,scalar,1,1,0,5,-1,453.387115,10.269569,6285439.000000,93347.398438,34.400002,1.496663,217.800003,3.249615,1.000000,0.000000,1497.199951,4.118252,
default,2,data/real-graphs/facebook_combined.txt,3503,3503,5,1.000000,43130,0.500000,0.500000,4,saad_blocks,32,0.400000,scalar,1,1,0,5,-1,136.965622,2.934828,2876641.250000,52661.925781,81.000000,2.097618,656.799988,10.514752,1.000000,0.000000,561.599976,14.867414,
default,2,data/real-graphs/facebook_combined.txt,3503,3503,5,1.000000,43130,0.500000,0.500000,4,saad_blocks,64,0.400000,scalar,1,1,0,5,-1,270.488098,9.045941,4670633.500000,68556.171875,39.200001,2.227106,271.600006,9.810199,1.000000,0.000000,1076.599976,3.720215,
default,2,data/real-graphs/facebook_combined.txt,3503,3503,5,1.000000,43130,0.500000,0.500000,4,saad_blocks,32,0.500000,scalar,1,1,0,5,-1,60.858330,1.448069,2208219.500000,39833.476562,179.399994,3.555278,1134.599976,11.200001,1.000000,0.000000,406.600006,0.800000,
default,2,data/real-graphs/facebook_combined.txt,3503,3503,5,1.000000,43130,0.500000,0.500000,4,saad_blocks,64,0.500000,scalar,1,1,0,5,-1,109.490967,1.991544,3322638.500000,31777.357422,88.199997,1.833030,475.600006,8.522910,1.000000,0.000000,768.400024,0.489898,
default,2,data/real-graphs/facebook_combined.txt,3503,3503,5,1.000000,43130,0.500000,0.500000,4,saad_blocks,32,0.600000,scalar,1,1,0,5,-1,31.776501,0.792240,1845773.000000,27270.019531,277.600006,3.720215,1816.400024,23.896444,1.000000,0.000000,326.399994,1.743560,
default,2,data/real-graphs/facebook_combined.txt,3503,3503,5,1.000000,43130,0.500000,0.500000,4,saad_blocks,64,0.600000,scalar,1,1,0,5,-1,64.856560,1.861431,2492814.250000,51273.695312,116.199997,4.166533,602.200012,16.654129,1.000000,0.000000,400.600006,20.509510,
default,2,data/real-graphs/facebook_combined.txt,3503,3503,5,1.000000,43130,0.500000,0.500000,4,saad_blocks,32,0.700000,scalar,1,1,0,5,-1,15.347319,0.169663,1615933.250000,16115.342773,481.200012,3.762978,3291.199951,20.043951,1.000000,0.000000,305.000000,0.000000,
default,2,data/real-graphs/facebook_combined.txt,3503,3503,5,1.000000,43130,0.500000,0.500000,4,saad_blocks,64,0.700000,scalar,1,1,0,5,-1,33.136768,0.787766,2077933.625000,8007.125000,185.199997,4.915282,982.599976,20.713282,1.000000,0.000000,314.399994,0.489898,
default,2,data/real-graphs/facebook_combined.txt,3503,3503,5,1.000000,43130,0.500000,0.500000,4,saad_blocks,32,0.800000,scalar,1,1,0,5,-1,4.948546,0.032917,1218250.000000,8224.385742,1241.199951,3.815757,7695.600098,13.169662,1.000000,0.000000,244.600006,0.489898,
default,2,data/real-graphs/facebook_combined.txt,3503,3503,5,1.000000,43130,0.500000,0.500000,4,saad_blocks,64,0.800000,scalar,1,1,0,5,-1,12.400457,0.187614,1766277.625000,5138.363770,522.599976,8.357033,2231.399902,31.372601,1.000000,0.000000,331.000000,3.405877,
default,2,data/real-graphs/facebook_combined.txt,3503,3503,5,1.000000,43130,0.500000,0.500000,4,saad_blocks,32,0.900000,scalar,1,1,0,5,-1,2.203743,0.013811,949187.625000,1353.928955,2084.800049,12.383861,13465.599609,67.056992,1.000000,0.000000,234.000000,2.000000,
default,2,data/real-graphs/facebook_combined.txt,3503,3503,5,1.000000,43130,0.500000,0.500000,4,saad_blocks,64,0.900000,scalar,1,1,0,5,-1,3.460639,0.022280,1284047.625000,1054.837158,1245.000000,14.463748,5813.799805,39.014870,1.000000,0.000000,226.000000,0.000000,
default,2,data/real-graphs/p2p-Gnutella04.txt,4935,4935,5,1.000000,25074,0.500000,0.500000,4,saad_blocks,32,0.300000,scalar,1,1,0,5,-1,63.678558,0.755203,10009644.000000,45557.304688,141.800003,2.638181,4913.200195,38.896786,1.000000,0.000000,1092.599976,1.959592,
default,2,data/real-graphs/p2p-Gnutella04.txt,4935,4935,5,1.000000,25074,0.500000,0.500000,4,saad_blocks,64,0.300000,scalar,1,1,0,5,-1,247.665329,5.867115,19474658.000000,90486.085938,57.799999,1.720465,1230.000000,25.139610,1.000000,0.000000,2686.199951,5.706137,
default,2,data/real-graphs/p2p-Gnutella04.txt,4935,4935,5,1.000000,25074,0.500000,0.500000,4,saad_blocks,32,0.400000,scalar,1,1,0,5,-1,18.523224,0.236108,4865247.000000,22652.093750,443.600006,8.935324,8209.799805,68.212608,1.000000,0.000000,808.799988,2.039608,
default,2,data/real-graphs/p2p-Gnutella04.txt,4935,4935,5,1.000000,25074,0.500000,0.500000,4,saad_blocks,64,0.400000,scalar,1,1,0,5,-1,58.852425,0.653069,12707194.000000,88899.695312,140.000000,2.097618,3374.600098,35.454762,1.000000,0.000000,1222.000000,4.816638,
default,2,data/real-graphs/p2p-Gnutella04.txt,4935,4935,5,1.000000,25074,0.500000,0.500000,4,saad_blocks,32,0.500000,scalar,1,1,0,5,-1,8.039275,0.060824,2850100.250000,16705.505859,999.200012,8.084553,11080.000000,39.074287,1.000000,0.000000,615.000000,8.270430,
default,2,data/real-graphs/p2p-Gnutella04.txt,4935,4935,5,1.000000,25074,0.500000,0.500000,4,saad_blocks,64,0.500000,scalar,1,1,0,5,-1,18.510006,0.317681,7537959.000000,53610.109375,443.799988,8.541663,6365.000000,66.184593,1.000000,0.000000,834.599976,4.176123,
default,2,data/real-graphs/p2p-Gnutella04.txt,4935,4935,5,1.000000,25074,0.500000,0.500000,4,saad_blocks,32,0.600000,scalar,1,1,0,5,-1,3.702261,0.042543,1624562.625000,16123.584961,1715.199951,10.796295,13714.000000,34.005882,1.000000,0.000000,565.200012,0.979796,
default,2,data/real-graphs/p2p-Gnutella04.txt,4935,4935,5,1.000000,25074,0.500000,0.500000,4,saad_blocks,64,0.600000,scalar,1,1,0,5,-1,7.929647,0.069135,4798355.000000,10178.500000,978.000000,8.414274,9456.200195,62.789810,1.000000,0.000000,663.799988,1.326650,
default,2,data/real-graphs/p2p-Gnutella04.txt,4935,4935,5,1.000000,25074,0.500000,0.500000,4,saad_blocks,32,0.700000,scalar,1,1,0,5,-1,2.257999,0.002886,1164153.000000,535.076477,2422.000000,3.162278,16113.400391,15.525463,1.000000,0.000000,542.599976,0.800000,
default,2,data/real-graphs/p2p-Gnutella04.txt,4935,4935,5,1.000000,25074,0.500000,0.500000,4,saad_blocks,64,0.700000,scalar,1,1,0,5,-1,3.452682,0.010821,2775386.500000,7028.261719,1698.599976,3.072458,12561.400391,19.885672,1.000000,0.000000,589.799988,0.979796,
default,2,data/real-graphs/p2p-Gnutella04.txt,4935,4935,5,1.000000,25074,0.500000,0.500000,4,saad_blocks,32,0.800000,scalar,1,1,0,5,-1,1.210044,0.001830,749923.000000,396.076752,3472.199951,6.079473,19370.400391,20.075855,1.000000,0.000000,524.000000,0.000000,
default,2,data/real-graphs/p2p-Gnutella04.txt,4935,4935,5,1.000000,25074,0.500000,0.500000,4,saad_blocks,64,0.800000,scalar,1,1,0,5,-1,1.474343,0.001718,1595306.000000,798.334290,2921.600098,6.248200,16910.599609,14.065560,1.000000,0.000000,535.000000,0.000000,
default,2,data/real-graphs/p2p-Gnutella04.txt,4935,4935,5,1.000000,25074,0.500000,0.500000,4,saad_blocks,32,0.900000,scalar,1,1,0,5,-1,1.052359,0.000792,700035.000000,0.000000,4019.000000,5.019960,20791.400391,15.640971,1.000000,0.000000,524.000000,0.000000,
default,2,data/real-graphs/p2p-Gnutella04.txt,4935,4935,5,1.000000,25074,0.500000,0.500000,4,saad_blocks,64,0.900000,scalar,1,1,0,5,-1,1.066515,0.000598,1354915.000000,0.000000,3869.600098,5.817216,19854.400391,11.128343,1.000000,0.000000,535.000000,0.000000,
default,2,data/real-graphs/p2p-Gnutella05.txt,3850,3850,5,1.000000,19009,0.500000,0.500000,4,saad_blocks,32,0.300000,scalar,1,1,0,5,-1,83.633789,1.127434,7824758.500000,31416.384766,89.599998,0.800000,2934.199951,32.387653,1.000000,0.000000,1029.199951,4.791659,
default,2,data/real-graphs/p2p-Gnutella05.txt,3850,3850,5,1.000000,19009,0.500000,0.500000,4,saad_blocks,64,0.300000,scalar,1,1,0,5,-1,307.884613,3.893651,12425160.000000,63327.667969,37.799999,2.039608,637.799988,7.626271,1.000000,0.000000,2442.399902,4.800000,
default,2,data/real-graphs/p2p-Gnutella05.txt,3850,3850,5,1.000000,19009,0.500000,0.500000,4,saad_blocks,32,0.400000,scalar,1,1,0,5,-1,21.773895,0.295996,3630171.500000,19577.796875,272.000000,4.000000,5213.200195,48.280018,1.000000,0.000000,712.400024,1.356466,
default,2,data/real-graphs/p2p-Gnutella05.txt,3850,3850,5,1.000000,19009,0.500000,0.500000,4,saad_blocks,64,0.400000,scalar,1,1,0,5,-1,83.104332,0.690777,9903512.000000,16010.313477,82.000000,1.673320,1876.199951,17.197674,1.000000,0.000000,1168.000000,2.607681,
default,2,data/real-graphs/p2p-Gnutella05.txt,3850,3850,5,1.000000,19009,0.500000,0.500000,4,saad_blocks,32,0.500000,scalar,1,1,0,5,-1,8.226978,0.051511,1934192.375000,7429.022461,660.200012,5.114685,7348.799805,22.551273,1.000000,0.000000,582.400024,0.800000,
default,2,data/real-graphs/p2p-Gnutella05.txt,3850,3850,5,1.000000,19009,0.500000,0.500000,4,saad_blocks,64,0.500000,scalar,1,1,0,5,-1,22.530466,0.218296,5476357.500000,55207.609375,261.000000,2.366432,3822.199951,24.432766,1.000000,0.000000,754.599976,3.773592,
default,2,data/real-graphs/p2p-Gnutella05.txt,3850,3850,5,1.000000,19009,0.500000,0.500000,4,saad_blocks,32,0.600000,scalar,1,1,0,5,-1,3.907270,0.023573,1141658.000000,4258.722656,1140.000000,5.403703,9132.599609,24.936720,1.000000,0.000000,428.399994,0.800000,
default,2,data/real-graphs/p2p-Gnutella05.txt,3850,3850,5,1.000000,19009,0.500000,0.500000,4,saad_blocks,64,0.600000,scalar,1,1,0,5,-1,8.272129,0.121361,3200760.500000,23512.845703,629.599976,7.812810,6048.000000,48.801640,1.000000,0.000000,634.000000,2.280351,
default,2,data/real-graphs/p2p-Gnutella05.txt,3850,3850,5,1.000000,19009,0.500000,0.500000,4,saad_blocks,32,0.700000,scalar,1,1,0,5,-1,2.353556,0.004297,821503.625000,1035.614136,1670.199951,1.939072,10909.799805,8.681014,1.000000,0.000000,423.399994,0.800000,
default,2,data/real-graphs/p2p-Gnutella05.txt,3850,3850,5,1.000000,19009,0.500000,0.500000,4,saad_blocks,64,0.700000,scalar,1,1,0,5,-1,4.221964,0.041738,2216649.250000,19928.763672,1113.199951,5.706137,8205.400391,29.213694,1.000000,0.000000,546.000000,1.095445,
default,2,data/real-graphs/p2p-Gnutella05.txt,3850,3850,5,1.000000,19009,0.500000,0.500000,4,saad_blocks,32,0.800000,scalar,1,1,0,5,-1,1.348948,0.001117,582664.812500,115.555008,2539.800049,6.493073,13501.200195,9.579144,1.000000,0.000000,410.000000,0.000000,
default,2,data/real-graphs/p2p-Gnutella05.txt,3850,3850,5,1.000000,19009,0.500000,0.500000,4,saad_blocks,64,0.800000,scalar,1,1,0,5,-1,1.717989,0.003225,1266169.250000,1074.285278,2073.399902,3.720215,11519.200195,18.410866,1.000000,0.000000,422.000000,0.000000,
default,2,data/real-graphs/p2p-Gnutella05.txt,3850,3850,5,1.000000,19009,0.500000,0.500000,4,saad_blocks,32,0.900000,scalar,1,1,0,5,-1,1.064277,0.001232,519445.593750,58.656967,3123.000000,8.740709,15256.200195,17.220917,1.000000,0.000000,410.000000,0.000000,
default,2,data/real-graphs/p2p-Gnutella05.txt,3850,3850,5,1.000000,19009,0.500000,0.500000,4,saad_blocks,64,0.900000,scalar,1,1,0,5,-1,1.083500,0.000962,1009698.375000,270.319519,2997.199951,2.481935,14565.400391,9.090654,1.000000,0.000000,422.000000,0.000000,
default,2,data/real-graphs/p2p-Gnutella09.txt,3055,3055,5,1.000000,14941,0.500000,0.500000,4,saad_blocks,32,0.300000,scalar,1,1,0,5,-1,113.980186,1.094302,5892846.500000,16217.968750,56.799999,1.833030,1622.199951,14.524463,1.000000,0.000000,1147.599976,3.555278,
default,2,data/real-graphs/p2p-Gnutella09.txt,3055,3055,5,1.000000,14941,0.500000,0.500000,4,saad_blocks,64,0.300000,scalar,1,1,0,5,-1,371.260986,8.159860,8100586.500000,21316.835938,27.600000,2.332381,342.799988,7.413501,1.000000,0.000000,2253.199951,3.919184,
default,2,data/real-graphs/p2p-Gnutella09.txt,3055,3055,5,1.000000,14941,0.500000,0.500000,4,saad_blocks,32,0.400000,scalar,1,1,0,5,-1,33.166733,0.477319,3262187.500000,17052.673828,152.800003,2.925748,3076.000000,29.202740,1.000000,0.000000,772.000000,2.190890,
default,2,data/real-graphs/p2p-Gnutella09.txt,3055,3055,5,1.000000,14941,0.500000,0.500000,4,saad_blocks,64,0.400000,scalar,1,1,0,5,-1,112.603073,2.024831,7027769.000000,43738.625000,47.200001,0.979796,979.799988,12.936769,1.000000,0.000000,1260.800049,5.306600,
default,2,data/real-graphs/p2p-Gnutella09.txt,3055,3055,5,1.000000,14941,0.500000,0.500000,4,saad_blocks,32,0.500000,scalar,1,1,0,5,-1,13.164441,0.158484,1895273.250000,7031.690918,394.799988,8.975523,4502.000000,42.317844,1.000000,0.000000,654.400024,1.356466,
default,2,data/real-graphs/p2p-Gnutella09.txt,3055,3055,5,1.000000,14941,0.500000,0.500000,4,saad_blocks,64,0.500000,scalar,1,1,0,5,-1,33.464249,0.579071,4499194.500000,59734.792969,145.000000,1.414214,2102.800049,14.358273,1.000000,0.000000,807.799988,1.833030,
default,2,data/real-graphs/p2p-Gnutella09.txt,3055,3055,5,1.000000,14941,0.500000,0.500000,4,saad_blocks,32,0.600000,scalar,1,1,0,5,-1,5.646396,0.027264,1068690.250000,2094.285889,745.400024,7.002857,5917.000000,28.927496,1.000000,0.000000,505.200012,17.127756,
default,2,data/real-graphs/p2p-Gnutella09.txt,3055,3055,5,1.000000,14941,0.500000,0.500000,4,saad_blocks,64,0.600000,scalar,1,1,0,5,-1,14.184401,0.239529,3109697.250000,18319.201172,350.799988,5.418487,3428.000000,42.839233,1.000000,0.000000,674.799988,3.124100,
default,2,data/real-graphs/p2p-Gnutella09.txt,3055,3055,5,1.000000,14941,0.500000,0.500000,4,saad_blocks,32,0.700000,scalar,1,1,0,5,-1,3.426985,0.014880,793364.375000,1538.850708,1112.599976,4.800000,7237.399902,18.028866,1.000000,0.000000,438.000000,0.894427,
default,2,data/real-graphs/p2p-Gnutella09.txt,3055,3055,5,1.000000,14941,0.500000,0.500000,4,saad_blocks,64,0.700000,scalar,1,1,0,5,-1,5.361520,0.073573,1705902.000000,8769.693359,685.200012,8.376157,4975.200195,44.363949,1.000000,0.000000,495.399994,15.640971,
default,2,data/real-graphs/p2p-Gnutella09.txt,3055,3055,5,1.000000,14941,0.500000,0.500000,4,saad_blocks,32,0.800000,scalar,1,1,0,5,-1,1.630189,0.008756,492771.000000,1153.953857,1817.199951,9.987992,9450.599609,30.328865,1.000000,0.000000,308.000000,0.000000,
default,2,data/real-graphs/p2p-Gnutella09.txt,3055,3055,5,1.000000,14941,0.500000,0.500000,4,saad_blocks,64,0.800000,scalar,1,1,0,5,-1,2.139577,0.007241,1019873.625000,1433.566162,1383.599976,6.858572,7453.399902,17.749365,1.000000,0.000000,316.000000,0.000000,
default,2,data/real-graphs/p2p-Gnutella09.txt,3055,3055,5,1.000000,14941,0.500000,0.500000,4,saad_blocks,32,0.900000,scalar,1,1,0,5,-1,1.062869,0.000680,406070.187500,15.676740,2512.600098,4.841487,11945.599609,7.578918,1.000000,0.000000,308.000000,0.000000,
default,2,data/real-graphs/p2p-Gnutella09.txt,3055,3055,5,1.000000,14941,0.500000,0.500000,4,saad_blocks,64,0.900000,scalar,1,1,0,5,-1,1.092812,0.002295,766027.187500,306.666199,2378.600098,1.743560,10962.400391,18.682611,1.000000,0.000000,316.000000,0.000000,
default,2,data/real-graphs/soc-Epinions1.txt,60341,60341,5,1.000000,494971,0.500000,0.500000,4,saad_blocks,32,0.300000,scalar,1,1,0,5,-1,114.900955,0.307943,405571200.000000,2133237.750000,4524.600098,21.822924,110304.203125,385.902283,1.000000,0.000000,5089.799805,20.643642,
default,2,data/real-graphs/soc-Epinions1.txt,60341,60341,5,1.000000,494971,0.500000,0.500000,4,saad_blocks,64,0.300000,scalar,1,1,0,5,-1,162.873825,0.990746,709420160.000000,3551140.750000,2627.800049,10.943491,68064.796875,167.130371,1.000000,0.000000,6828.399902,32.732861,
default,2,data/real-graphs/soc-Epinions1.txt,60341,60341,5,1.000000,494971,0.500000,0.500000,4,saad_blocks,32,0.400000,scalar,1,1,0,5,-1,50.418373,0.819918,276601408.000000,4008870.250000,9265.599609,26.264807,171447.406250,626.322449,1.000000,0.000000,3845.000000,18.644033,
default,2,data/real-graphs/soc-Epinions1.txt,60341,60341,5,1.000000,494971,0.500000,0.500000,4,saad_blocks,64,0.400000,scalar,1,1,0,5,-1,70.323059,0.847126,506133760.000000,5430392.000000,6127.000000,19.473059,112471.398438,342.067596,1.000000,0.000000,4838.799805,14.302447,
default,2,data/real-graphs/soc-Epinions1.txt,60341,60341,5,1.000000,494971,0.500000,0.500000,4,saad_blocks,32,0.500000,scalar,1,1,0,5,-1,22.396122,0.264561,174808192.000000,1867503.500000,16158.599609,18.639742,243918.796875,303.373962,1.000000,0.000000,2996.800049,14.593149,
default,2,data/real-graphs/soc-Epinions1.txt,60341,60341,5,1.000000,494971,0.500000,0.500000,4,saad_blocks,64,0.500000,scalar,1,1,0,5,-1,30.611996,0.298222,335402080.000000,2969167.000000,12235.200195,11.408769,171219.000000,360.222168,1.000000,0.000000,3720.600098,10.051866,
default,2,data/real-graphs/soc-Epinions1.txt,60341,60341,5,1.000000,494971,0.500000,0.500000,4,saad_blocks,32,0.600000,scalar,1,1,0,5,-1,11.018826,0.264747,105767608.000000,2464436.250000,20537.400391,11.586200,299968.812500,431.450775,1.000000,0.000000,2793.600098,13.260468,
default,2,data/real-graphs/soc-Epinions1.txt,60341,60341,5,1.000000,494971,0.500000,0.500000,4,saad_blocks,64,0.600000,scalar,1,1,0,5,-1,15.987515,0.335885,239974912.000000,4418786.500000,17297.800781,22.868320,234583.406250,849.845825,1.000000,0.000000,3332.399902,10.131140,
default,2,data/real-graphs/soc-Epinions1.txt,60341,60341,5,1.000000,494971,0.500000,0.500000,4,saad_blocks,32,0.700000,scalar,1,1,0,5,-1,3.055284,0.009504,32158662.000000,99375.750000,22877.400391,4.758151,328926.406250,10.071745,1.000000,0.000000,2718.199951,13.362635,
default,2,data/real-graphs/soc-Epinions1.txt,60341,60341,5,1.000000,494971,0.500000,0.500000,4,saad_blocks,64,0.700000,scalar,1,1,0,5,-1,7.429542,0.035995,135028640.000000,653061.187500,20676.199219,9.431861,284051.187500,18.104147,1.000000,0.000000,3166.399902,8.867920,
default,2,data/real-graphs/soc-Epinions1.txt,60341,60341,5,1.000000,494971,0.500000,0.500000,4,saad_blocks,32,0.800000,scalar,1,1,0,5,-1,1.102044,0.000163,12226148.000000,968.199707,30873.800781,10.647064,346693.593750,25.215868,1.000000,0.000000,2498.000000,0.000000,
default,2,data/real-graphs/soc-Epinions1.txt,60341,60341,5,1.000000,494971,0.500000,0.500000,4,saad_blocks,64,0.800000,scalar,1,1,0,5,-1,1.137261,0.000366,22653374.000000,3820.022705,29187.400391,21.114923,311241.406250,51.063099,1.000000,0.000000,2688.000000,0.000000,
default,2,data/real-graphs/soc-Epinions1.txt,60341,60341,5,1.000000,494971,0.500000,0.500000,4,saad_blocks,32,0.900000,scalar,1,1,0,5,-1,1.081234,0.000085,12118737.000000,64.000000,32325.800781,10.514750,350261.812500,27.051065,1.000000,0.000000,2498.000000,0.000000,
